Transect_id,Site_name,Date
1,KL19,10/23/2015
2,KL19,10/23/2015
3,Ten2,12/11/2015
4,Ten2,12/11/2015
5,Ten3,12/11/2015
6,Ten3,12/11/2015
7,Ten1,12/11/2015
8,Ten1,12/11/2015
9,Mate,12/11/2015
10,Mate,12/11/2015
11,KL1,10/22/2015
12,KL1,10/22/2015
13,KL17,10/22/2015
14,KL17,10/22/2015
15,KL3,10/23/2015
16,KL3,10/23/2015
17,KL18,10/23/2015
18,KL18,10/23/2015
19,KL14,10/24/2015
20,KL14,10/24/2015
21,KL15,10/24/2015
22,KL15,10/24/2015
23,KL16,10/24/2015
24,KL16,10/24/2015
25,KL8,10/30/2015
26,KL8,10/30/2015
27,KL9,10/30/2015
28,KL9,10/30/2015
29,KL10,10/30/2015
30,KL10,10/30/2015
31,KL11,10/30/2015
32,KL11,10/30/2015
33,KL2,10/30/2015
34,KL2,10/30/2015
35,KL12,10/31/2015
36,KL12,10/31/2015
37,KL13,10/31/2015
38,KL13,10/31/2015
39,Conch3,10/25/2015
40,Conch3,10/25/2015
41,Conch3,10/25/2015
42,Conch1,10/25/2015
43,Conch2,10/28/2015
44,Conch2,10/28/2015
45,Biscayne15,10/27/2015
46,Biscayne15,10/27/2015
47,Biscayne10,10/27/2015
48,Biscayne10,10/27/2015
49,Biscayne13,10/27/2015
50,Biscayne13,10/27/2015
9497,Biscayne11,9/16/2014
9498,Biscayne11,9/16/2014
9518,Conch1,9/29/2014
9519,Conch1,9/29/2014
9520,Conch2,9/29/2014
9521,Conch2,9/29/2014
9522,Conch3,9/29/2014
9523,Conch3,9/29/2014
9524,KL3,9/22/2014
9525,KL3,9/22/2014
9526,KL18,9/22/2014
9527,KL18,9/22/2014
9528,KL13,9/22/2014
9529,KL13,9/22/2014
9530,KL12,9/22/2014
9531,KL12,9/22/2014
9532,KL11,9/22/2014
9533,KL11,9/22/2014
9534,KL17,9/24/2014
9535,KL17,9/24/2014
9536,KL19,9/24/2014
9537,KL19,9/24/2014
9538,KL2,9/24/2014
9539,KL2,9/24/2014
9540,KL4,9/24/2014
9541,KL4,9/24/2014
9542,KL9,9/24/2014
9543,KL9,9/24/2014
9546,KL14,9/25/2014
9547,KL14,9/25/2014
9548,KL7,9/25/2014
9549,KL7,9/25/2014
9550,KL6,9/25/2014
9551,KL6,9/25/2014
9552,KL5,9/25/2014
9553,KL5,9/25/2014
9554,KL16,9/26/2014
9555,KL16,9/26/2014
9556,KL15,9/26/2014
9557,KL15,9/26/2014
9558,KL8,9/29/2014
9559,KL8,9/29/2014
9562,Ten3,9/28/2014
9563,Ten3,9/28/2014
9564,Ten2,9/28/2014
9565,Ten2,9/28/2014
9566,Ten1,9/28/2014
9567,Ten1,9/28/2014
9568,Mate,9/28/2014
9569,Mate,9/28/2014
9572,Biscayne10,3/16/2015
9573,Biscayne10,3/16/2015
9574,Biscayne15,3/16/2015
9575,Biscayne15,3/16/2015
9576,Biscayne4,3/16/2015
9577,Biscayne4,3/16/2015
9578,Biscayne3,3/16/2015
9579,Biscayne3,3/16/2015
9580,Biscayne9,3/18/2015
9581,Biscayne9,3/18/2015
9582,Biscayne13,3/18/2015
9583,Biscayne13,3/18/2015
9584,Biscayne6,3/18/2015
9585,Biscayne6,3/18/2015
9586,Biscayne5,3/18/2015
9587,Biscayne5,3/18/2015
9588,Biscayne12,3/19/2015
9589,Biscayne12,3/19/2015
9590,Biscayne11,3/19/2015
9591,Biscayne11,3/19/2015
9592,Biscayne2,3/19/2015
9593,Biscayne2,3/19/2015
9594,Biscayne1,3/19/2015
9595,Biscayne1,3/19/2015
9596,Biscayne16,3/20/2015
9597,Biscayne16,3/20/2015
9598,Biscayne14,3/20/2015
9599,Biscayne14,3/20/2015
9600,Biscayne7,3/20/2015
9601,Biscayne7,3/20/2015
9602,Biscayne8,3/20/2015
9603,Biscayne8,3/20/2015
9604,Conch3,3/23/2015
9605,Conch3,3/23/2015
9606,Conch2,3/23/2015
9607,Conch2,3/23/2015
9608,Conch1,3/23/2015
9609,Conch1,3/23/2015
9610,KL8,3/23/2015
9611,KL8,3/23/2015
9612,KL18,3/17/2015
9613,KL18,3/17/2015
9614,KL17,3/17/2015
9615,KL17,3/17/2015
9616,KL15,3/24/2015
9617,KL15,3/24/2015
9618,KL16,3/24/2015
9619,KL16,3/24/2015
9620,KL7,3/24/2015
9621,KL7,3/24/2015
9622,KL6,3/24/2015
9623,KL6,3/24/2015
9624,KL2,3/24/2015
9625,KL2,3/24/2015
9626,KL5,3/24/2015
9627,KL5,3/24/2015
9628,KL19,3/25/2015
9629,KL19,3/25/2015
9630,KL14,3/25/2015
9631,KL14,3/25/2015
9632,KL10,3/25/2015
9633,KL10,3/25/2015
9634,KL11,3/25/2015
9635,KL11,3/25/2015
9636,KL12,3/25/2015
9637,KL12,3/25/2015
9638,KL1,3/26/2015
9639,KL1,3/26/2015
9640,KL3,3/26/2015
9641,KL3,3/26/2015
9642,KL13,3/26/2015
9643,KL13,3/26/2015
9644,KL4,3/26/2015
9645,KL4,3/26/2015
9646,KL9,3/26/2015
9647,KL9,3/26/2015
9648,Ten1,3/22/2015
9649,Ten1,3/22/2015
9650,Ten2,3/22/2015
9651,Ten2,3/22/2015
9652,Ten3,3/22/2015
9653,Ten3,3/22/2015
9654,Mate,3/22/2015
9655,Mate,3/22/2015
9800,Biscayne12,9/16/2014
9801,Biscayne12,9/16/2014
9802,Biscayne11,9/16/2014
9803,Biscayne11,9/16/2014
9804,Biscayne4,9/16/2014
9805,Biscayne4,9/16/2014
9806,Biscayne3,9/16/2014
9807,Biscayne3,9/16/2014
9808,Biscayne9,9/17/2014
9809,Biscayne9,9/17/2014
9810,Biscayne10,9/17/2014
9811,Biscayne10,9/17/2014
9812,Biscayne6,9/17/2014
9813,Biscayne6,9/17/2014
9814,Biscayne2,9/17/2014
9815,Biscayne2,9/17/2014
9816,Biscayne16,9/18/2014
9817,Biscayne16,9/18/2014
9818,Biscayne14,9/18/2014
9819,Biscayne14,9/18/2014
9820,Biscayne7,9/18/2014
9821,Biscayne7,9/18/2014
9822,Biscayne8,9/18/2014
9823,Biscayne8,9/18/2014
9824,Biscayne13,9/19/2014
9825,Biscayne13,9/19/2014
9826,Biscayne15,9/19/2014
9827,Biscayne15,9/19/2014
9828,Biscayne5,9/19/2014
9829,Biscayne5,9/19/2014
9830,Biscayne1,9/19/2014
9831,Biscayne1,9/19/2014
9832,KL3,9/22/2014
9833,KL3,9/22/2014
9834,KL18,9/22/2014
9835,KL18,9/22/2014
9836,KL13,9/22/2014
9837,KL13,9/22/2014
9838,KL12,9/22/2014
9839,KL12,9/22/2014
9840,KL11,9/22/2014
9841,KL11,9/22/2014
9842,KL17,9/24/2014
9843,KL17,9/24/2014
9844,KL19,9/24/2014
9845,KL19,9/24/2014
9846,KL2,9/24/2014
9847,KL2,9/24/2014
9856,KL8,9/29/2014
9857,KL8,9/29/2014
9858,Conch3,9/29/2014
9859,Conch3,9/29/2014
9860,Conch2,9/29/2014
9861,Conch2,9/29/2014
9862,Conch1,9/29/2014
9863,Conch1,9/29/2014
9864,Ten1,9/28/2014
9865,Ten1,9/28/2014
9866,Ten2,9/28/2014
9867,Ten2,9/28/2014
9868,Ten3,9/28/2014
9869,Ten3,9/28/2014
9870,KL15,9/26/2014
9871,KL15,9/26/2014
9872,KL16,9/26/2014
9873,KL16,9/26/2014
9874,KL5,9/25/2014
9875,KL5,9/25/2014
9876,KL6,9/25/2014
9877,KL6,9/25/2014
9878,KL7,9/25/2014
9879,KL7,9/25/2014
9880,KL14,9/25/2014
9881,KL14,9/25/2014
9900,Biscayne10,3/16/2015
9901,Biscayne10,3/16/2015
9902,KL9,3/26/2015
9902,KL9,3/26/2015
9903,KL9,3/26/2015
9903,KL9,3/26/2015
9904,KL4,3/26/2015
9904,KL4,3/26/2015
9905,KL4,3/26/2015
9905,KL4,3/26/2015
9906,KL13,3/26/2015
9907,KL13,3/26/2015
9908,KL3,3/26/2015
9909,KL3,3/26/2015
9910,Biscayne15,3/16/2015
9911,Biscayne15,3/16/2015
9912,Biscayne4,3/16/2015
9913,Biscayne4,3/16/2015
9914,Biscayne3,3/16/2015
9915,Biscayne3,3/16/2015
9916,KL18,3/17/2015
9917,KL18,3/17/2015
9918,KL17,3/17/2015
9919,KL17,3/17/2015
9920,Biscayne9,3/18/2015
9921,Biscayne9,3/18/2015
9922,Biscayne13,3/18/2015
9923,Biscayne13,3/18/2015
9924,Biscayne6,3/18/2015
9925,Biscayne6,3/18/2015
9926,Biscayne5,3/18/2015
9927,Biscayne5,3/18/2015
9928,Biscayne12,3/19/2015
9929,Biscayne12,3/19/2015
9930,Biscayne11,3/19/2015
9931,Biscayne11,3/19/2015
9932,Biscayne2,3/19/2015
9933,Biscayne2,3/19/2015
9934,Biscayne1,3/19/2015
9935,Biscayne1,3/19/2015
9936,Biscayne16,3/20/2015
9937,Biscayne16,3/20/2015
9938,Biscayne14,3/20/2015
9939,Biscayne14,3/20/2015
9940,Biscayne7,3/20/2015
9941,Biscayne7,3/20/2015
9942,Biscayne8,3/20/2015
9943,Biscayne8,3/20/2015
9944,Ten1,3/22/2015
9945,Ten1,3/22/2015
9946,Ten2,3/22/2015
9947,Ten2,3/22/2015
9948,Ten3,3/22/2015
9949,Ten3,3/22/2015
9950,Mate,3/22/2015
9951,Mate,3/22/2015
9952,Conch3,3/23/2015
9953,Conch3,3/23/2015
9954,Conch2,3/23/2015
9955,Conch2,3/23/2015
9956,Conch1,3/23/2015
9957,Conch1,3/23/2015
9958,KL8,3/23/2015
9959,KL8,3/23/2015
9960,KL15,3/24/2015
9961,KL15,3/24/2015
9962,KL16,3/24/2015
9963,KL16,3/24/2015
9964,KL7,3/24/2015
9965,KL7,3/24/2015
9966,KL6,3/24/2015
9967,KL6,3/24/2015
9968,KL5,3/24/2015
9970,KL2,3/24/2015
9971,KL2,3/24/2015
9972,KL19,3/25/2015
9973,KL19,3/25/2015
9974,KL14,3/25/2015
9975,KL14,3/25/2015
9976,KL10,3/25/2015
9977,KL10,3/25/2015
9978,KL11,3/25/2015
9979,KL11,3/25/2015
9980,KL12,3/25/2015
9981,KL12,3/25/2015
9982,KL1,3/26/2015
9983,KL1,3/26/2015
10000,KL1,10/22/2015
10001,KL1,10/22/2015
10002,KL17,10/22/2015
10003,KL17,10/22/2015
10004,KL3,10/23/2015
10005,KL3,10/23/2015
10006,KL18,10/23/2015
10007,KL18,10/23/2015
10008,KL19,10/23/2015
10009,KL19,10/23/2015
10010,KL14,10/24/2015
10011,KL14,10/24/2015
10012,KL15,10/24/2015
10013,KL15,10/24/2015
10014,KL16,10/24/2015
10015,KL16,10/24/2015
10016,Biscayne9,10/24/2015
10017,Biscayne9,10/24/2015
10018,Conch3,10/25/2015
10019,Conch3,10/25/2015
10020,Conch1,10/25/2015
10021,Conch1,10/25/2015
10022,Biscayne16,10/26/2015
10023,Biscayne16,10/26/2015
10026,Biscayne11,10/26/2015
10027,Biscayne11,10/26/2015
10028,Biscayne15,10/27/2015
10029,Biscayne15,10/27/2015
10030,Biscayne10,10/27/2015
10031,Biscayne10,10/27/2015
10034,Conch2,10/28/2015
10035,Conch2,10/28/2015
10036,KL8,10/30/2015
10037,KL8,10/30/2015
10038,KL9,10/30/2015
10039,KL9,10/30/2015
10040,KL10,10/30/2015
10041,KL10,10/30/2015
10042,KL11,10/30/2015
10043,KL11,10/30/2015
10044,KL2,10/30/2015
10045,KL2,10/30/2015
10046,KL12,10/31/2015
10047,KL12,10/31/2015
10048,KL13,10/31/2015
10049,KL13,10/31/2015
10050,KL4,10/31/2015
10051,KL4,10/31/2015
10062,Ten2,12/11/2015
10063,Ten2,12/11/2015
10064,Ten3,12/11/2015
10065,Ten3,12/11/2015
10066,Ten1,12/11/2015
10067,Ten1,12/11/2015
10068,Mate,12/11/2015
10069,Mate,12/11/2015
10070,Biscayne3,12/15/2015
10071,Biscayne3,12/15/2015
10072,Biscayne4,12/15/2015
10073,Biscayne4,12/15/2015
10074,Biscayne5,12/15/2015
10075,Biscayne5,12/15/2015
10076,Biscayne6,12/15/2015
10077,Biscayne6,12/15/2015
10078,KL7,12/15/2015
10079,KL7,12/15/2015
10080,KL6,12/15/2015
10081,KL6,12/15/2015
10082,KL5,12/15/2015
10083,KL5,12/15/2015
10084,KL19,10/23/2015
10085,KL19,10/23/2015
10086,Biscayne3,12/15/2015
10087,Biscayne3,12/15/2015
10088,Biscayne4,12/15/2015
10089,Biscayne4,12/15/2015
10090,Biscayne5,12/15/2015
10091,Biscayne5,12/15/2015
10092,Biscayne6,12/15/2015
10093,Biscayne6,12/15/2015
10094,KL7,12/15/2015
10095,KL7,12/15/2015
10096,KL6,12/15/2015
10097,KL6,12/15/2015
10098,KL5,12/15/2015
10099,KL5,12/15/2015
